{
    "rmse": 0.629141278754802,
    "r2_score": 0.9980431077539378
}