{
    "rmse": 0.6355799890334191,
    "r2_score": 0.9980028486359086
}