{
    "rmse": 0.6356513108191397,
    "r2_score": 0.9980024003889654
}