{
    "rmse": 0.6353110637476259,
    "r2_score": 0.9980045383394411
}